Id,BS,BP,Ins_dose,Gln_dose
1,0.946378794,101.0479592,0,0
2,0.983546106,98.87369541,0,0
3,0.969145403,99.68281536,0,0
4,1.010723337,100.9481415,0,0
5,0.998728594,100.8609426,0,0
6,0.943572191,97.37669948,0.1,0
7,0.936240063,97.06800011,0.1,0
8,0.923669846,98.77992271,0.1,0
9,0.819906384,98.3030471,0.1,0
10,0.921179049,96.57216519,0.1,0
11,0.471359639,89.21514988,0.5,0
12,0.493705087,85.37636355,0.5,0
13,0.499665574,91.35302066,0.5,0
14,0.487889078,87.44269717,0.5,0
15,0.494285453,88.22302716,0.5,0
16,1.047603314,100.712278,0,0.1
17,1.096101479,101.116892,0,0.1
18,1.093654737,102.4554463,0,0.1
19,1.132723457,103.7550819,0,0.1
20,1.16179731,104.9427544,0,0.1
21,1.478863753,116.6779553,0,0.5
22,1.5115539,118.0165901,0,0.5
23,1.500253481,111.5914256,0,0.5
24,1.549897276,112.5597386,0,0.5
25,1.521031685,111.6919063,0,0.5
26,0.887037995,95.77488877,0.1,0.1
27,0.927681711,99.60528941,0.1,0.1
28,0.928011187,95.88026411,0.1,0.1
29,0.83136474,93.00817184,0.1,0.1
30,0.868924497,96.74494435,0.1,0.1
31,1.306156761,106.6218782,0.1,0.5
32,1.269683326,103.0237388,0.1,0.5
33,1.332781345,109.157961,0.1,0.5
34,1.292135249,108.9633187,0.1,0.5
35,1.259671183,108.4176293,0.1,0.5
36,0.365463724,83.45908242,0.5,0.1
37,0.255319063,80.79088765,0.5,0.1
38,0.203080666,82.07817599,0.5,0.1
39,0.380557117,84.63344533,0.5,0.1
40,0.322652165,81.73227935,0.5,0.1
41,0.447876397,87.06850786,0.5,0.5
42,0.527468264,84.72055,0.5,0.5
43,0.550133055,88.55090964,0.5,0.5
44,0.475842266,84.23378041,0.5,0.5
45,0.471969151,88.86695249,0.5,0.5